glacier_rgiid,sgi_id,glacier_name,mean_MB,median_unct_fdiv,median_unct_dhdt,median_unct_mb,AAR,ELA,MBgrad_abl,MBgrad_acc,min_elev_Grab,max_elev_Grab,processed_area,RGI_Area
,,,m.w.e./yr,m.w.e./yr,m.w.e./yr,m.w.e./yr,%,m a.s.l.,m.w.e./1000m,m.w.e./1000m,m a.s.l. (from Grab2021),m a.s.l.(from Grab2021),km2,km2 (from RGI)
RGI60-11.00781,,Jamtalferner,-0.73,0.47,1.32,1.29,0.0,,,,2785.1,3131.7,0.2,3.821
RGI60-11.00804,A10g-05,Silvrettagletscher,-0.77,0.56,0.86,1.11,4.94,2992.22,4.06,-25.64,2465.4,3132.4,2.6,2.88
RGI60-11.00830,,,-1.31,0.57,1.87,2.07,0.0,2894.57,3.74,,2285.7,2869.4,1.7,2.21
RGI60-11.00833,,,-1.71,0.65,1.1,1.37,0.0,,,,2633.2,3155.6,1.9,2.047
RGI60-11.00843,,,-0.48,1.43,1.01,1.97,40.09,2905.18,29.07,-13.67,2443.6,3216.5,2.2,2.404
RGI60-11.00872,,,-1.12,0.75,1.02,1.5,3.27,2958.88,5.2,1.21,1638.3,3219.1,11.6,12.151
RGI60-11.008merged,A50i-19,Claridenfirn,-1.06,1.14,1.28,1.89,0.65,3126.05,4.15,-1.83,2443.6,3216.5,4.6,0.661
RGI60-11.00918,,Limmern,-1.09,0.76,2.49,2.57,0.0,,,,2284.6,3372.1,1.7,2.016
RGI60-11.00932,,,-0.64,0.83,4.09,4.35,16.65,3289.46,1.76,-0.53,2006.0,3594.8,2.1,2.429
RGI60-11.00994,,,-0.83,0.66,1.49,1.71,0.0,3070.0,2.65,,2167.3,3066.4,2.7,2.859
RGI60-11.01120,,,-1.04,0.66,1.08,1.78,0.0,3965.19,1.02,,2556.3,3293.6,2.1,2.42
RGI60-11.01144,,,-0.89,0.9,2.41,2.81,1.75,3342.96,2.08,-4.23,1935.0,3462.2,7.0,8.048
RGI60-11.01187,,,-0.71,0.45,4.45,4.66,0.0,3472.27,1.28,,2364.1,3322.4,2.2,2.816
RGI60-11.01193,,Chelengletscher,-0.96,0.92,2.61,2.93,13.21,3049.05,6.56,-6.07,2122.8,3298.8,1.7,2.03
RGI60-11.01198,,,-0.71,0.91,1.74,2.26,21.68,3072.07,4.19,2.9,1651.6,3386.6,13.5,14.816
RGI60-11.01222,,,-0.62,0.88,1.46,1.94,29.53,3157.29,3.8,0.27,1953.8,3641.2,5.4,5.835
RGI60-11.01238,B43-03,Rhonegletscher,-1.13,0.9,1.47,2.03,38.72,3055.15,10.24,0.77,2207.3,3606.2,15.1,15.837
RGI60-11.01246,,Dammagletscher,-0.76,0.67,4.2,4.15,19.06,3125.12,2.91,-2.31,2051.9,3489.1,3.8,4.705
RGI60-11.01270,,,-0.64,0.36,2.01,2.18,25.18,3219.77,2.65,-1.68,1342.6,3698.4,8.2,9.023
RGI60-11.01275,,,-0.89,0.88,1.74,2.35,27.83,3096.47,5.3,4.56,2140.6,3578.5,10.7,12.688
RGI60-11.01296,A51e-37,Tiefengletscher,-1.08,0.5,3.43,3.43,0.0,3391.46,2.78,,2500.0,3421.7,1.9,2.331
RGI60-11.01328,,,-1.75,0.68,1.61,2.06,24.45,3007.43,4.02,1.15,1929.2,3997.0,21.2,23.825
RGI60-11.01346,,,-0.84,0.99,2.45,3.02,27.43,3129.04,3.14,1.27,1255.6,4077.9,15.9,18.842
RGI60-11.01450,B36-26,Grosser Aletschgletscher,-1.24,0.95,1.32,1.96,46.52,3202.14,6.79,1.67,1565.3,4117.1,77.0,82.206
RGI60-11.01468,,,-0.34,1.09,2.65,3.16,57.9,3156.88,6.24,-1.93,2231.8,3928.5,1.4,2.048
RGI60-11.01478,,,-1.06,1.1,1.47,2.11,34.74,3269.13,5.4,1.29,1675.8,4105.2,28.9,31.334
RGI60-11.01509,,,-1.5,0.62,2.13,2.39,1.29,3313.65,3.46,-2.34,2302.5,3463.5,3.9,4.812
RGI60-11.01550,,,-0.61,0.85,1.8,2.07,26.24,3011.45,3.89,-0.39,2133.6,3943.5,3.5,4.111
RGI60-11.01576,,,-1.28,0.68,2.21,2.47,0.61,3320.14,3.66,-4.75,2547.7,3429.3,2.0,2.367
RGI60-11.01621,,,-0.68,0.64,1.44,1.78,11.11,3285.74,3.2,0.67,2216.3,3637.0,2.0,2.721
RGI60-11.01622,,,-1.46,0.75,0.79,1.13,2.84,3181.13,3.34,7.16,2256.5,3504.0,4.8,5.755
RGI60-11.01678,,,-1.04,0.68,1.48,1.77,7.92,3152.29,2.73,-6.84,2123.9,3376.0,2.5,3.121
RGI60-11.01698,,,-1.13,0.79,1.37,1.72,16.96,3244.71,3.79,-1.24,2058.8,3874.5,7.8,9.403
RGI60-11.01702,,,-1.15,0.84,0.77,1.2,12.28,3073.3,4.21,1.48,2280.1,3225.7,12.1,13.174
RGI60-11.01719,,,-1.05,0.54,2.4,2.37,23.4,3503.09,7.23,-0.74,2626.1,3884.2,1.9,2.18
RGI60-11.01791,,,-1.06,0.97,0.88,1.36,0.0,3316.29,4.3,,2669.7,3428.0,4.2,4.848
RGI60-11.01797,,,-1.03,0.43,2.43,2.48,16.94,3413.48,3.64,-0.83,2349.4,4076.0,6.5,7.428
RGI60-11.01827,,,-1.5,0.54,1.85,2.03,11.53,3446.16,3.24,1.66,2160.8,3824.6,16.5,19.286
RGI60-11.01876,B45-04,Griesgletscher,-1.4,0.88,1.66,2.0,0.11,3322.19,3.53,,2403.9,3350.0,4.5,5.29
RGI60-11.01912,,,-0.85,0.57,2.16,2.25,2.71,3567.26,3.22,0.3,2844.3,3669.1,1.8,2.209
RGI60-11.01946,E22-03,Vadret Pers and Vadret da Morteratsch,-1.05,0.85,1.48,1.83,37.74,3182.15,4.65,0.08,2004.1,4003.7,14.4,15.809
RGI60-11.01987,,Basodino,-0.88,0.62,3.65,3.79,8.21,,,,2541.8,3196.4,1.6,2.092
RGI60-11.01990,,,-1.21,0.74,0.94,1.17,0.0,3342.76,3.47,,2550.6,3228.0,2.0,2.422
RGI60-11.02006,,,-0.93,0.49,1.22,1.37,4.86,3425.85,3.65,3.04,2432.5,3779.3,3.4,4.498
RGI60-11.02051,,,-0.82,0.41,1.85,1.98,31.56,3188.54,4.26,-2.93,2195.7,3975.8,5.0,6.061
RGI60-11.02072,A55f-03,Glacier de la Plaine Morte,-1.28,0.61,0.65,1.01,5.79,,,,2433.8,2948.1,7.0,7.717
RGI60-11.02119,,,-0.4,0.39,2.4,2.61,25.82,3258.97,2.53,-0.43,2159.6,3568.0,6.4,7.803
RGI60-11.02144,,,-0.62,0.62,1.6,1.76,8.2,3539.62,1.75,0.19,2524.8,3864.9,5.2,5.83
RGI60-11.02172,,,-0.3,0.87,2.32,2.43,,,,,3583.7,3914.8,0.1,4.41
RGI60-11.02173,,,-0.59,0.74,1.45,1.68,,,,,3172.1,3862.5,0.1,4.824
RGI60-11.02209,,,-0.25,0.65,2.42,2.86,,,,,3090.2,3273.1,0.0,4.667
RGI60-11.02222,,,-0.94,0.54,2.27,2.31,3.29,3246.47,3.7,-20.39,2559.2,3316.3,1.8,2.031
RGI60-11.02245,,,-1.54,0.68,1.63,2.07,17.63,3023.32,6.68,-9.06,2228.0,3324.4,5.7,6.887
RGI60-11.02249,B22-01,Glacier de Tsanfleuron,-1.59,0.87,0.66,1.1,0.0,3365.77,2.81,,2485.4,2986.1,2.4,2.89
RGI60-11.02285,,,-1.14,0.49,1.39,1.47,10.4,2715.58,5.73,-2.24,2166.2,3025.6,2.1,2.588
RGI60-11.02385,,,-0.94,0.81,1.71,2.13,5.05,,,,2775.3,3414.7,2.1,2.548
RGI60-11.02490,,,-0.49,0.75,0.82,1.28,53.61,3372.14,5.58,0.14,2242.7,4140.3,5.0,5.235
RGI60-11.02495,,,-0.45,0.5,1.07,1.58,17.44,3637.37,1.88,-0.28,2066.5,4251.2,7.2,7.616
RGI60-11.02507,,,-0.66,0.66,0.64,1.15,8.54,3526.22,2.62,-1.43,2539.1,4099.9,5.4,5.749
RGI60-11.02558,,,-0.4,0.91,2.08,2.34,38.61,3538.58,2.42,-0.52,2233.2,4472.4,3.7,4.012
RGI60-11.02569,,,-0.36,0.52,1.96,2.47,57.54,3642.65,5.71,1.46,2679.8,4520.8,3.1,3.227
RGI60-11.02584,,,-0.66,0.9,0.89,1.27,40.45,3321.22,4.34,2.69,2387.3,3640.5,4.3,4.628
RGI60-11.02593,,,-0.52,0.37,1.72,1.83,20.9,3373.17,2.18,-0.46,2320.5,4059.0,5.1,6.13
RGI60-11.02596,,,-0.27,0.64,2.4,2.61,50.83,3341.82,4.21,-0.65,2081.8,4194.9,6.5,7.41
RGI60-11.02624,,,-0.53,0.62,1.52,1.84,30.07,3481.56,3.1,1.59,2432.7,4070.9,7.5,8.118
RGI60-11.02630,,,-0.96,0.59,1.3,1.55,17.27,3411.16,2.88,2.94,2029.2,4013.9,12.4,14.025
RGI60-11.02645,,,-0.78,0.8,2.01,2.29,44.32,3352.29,3.98,-0.37,2224.7,3829.3,3.2,3.741
RGI60-11.02676,,,-0.78,0.63,1.55,1.86,12.24,3627.74,2.75,2.53,2895.6,3918.3,1.9,2.13
RGI60-11.02679,B52-32,Hohlaubgletscher,-0.75,0.72,0.92,1.43,21.38,3442.83,4.6,1.98,2767.1,3975.3,2.0,2.171
RGI60-11.02704,B52-29,Allalingletscher,-0.58,0.62,1.01,1.41,43.75,3392.95,7.5,1.66,2625.5,4169.7,8.9,9.281
RGI60-11.02709,,,-0.75,0.82,0.78,1.25,26.38,3344.55,4.27,1.25,1981.2,3703.5,9.9,10.484
RGI60-11.02711,,,-0.37,0.83,0.98,1.46,23.25,3619.9,2.8,1.56,2954.9,4139.5,4.5,4.828
RGI60-11.02715,,,-0.55,0.85,0.81,1.23,44.91,3315.41,3.49,1.15,2134.3,3661.0,8.7,9.182
RGI60-11.02737,,,-0.65,0.91,0.89,1.29,41.17,3381.17,12.79,1.43,2825.0,3664.1,2.1,2.335
RGI60-11.02739,,,-1.02,0.72,0.89,1.19,16.99,3308.01,3.04,0.42,2238.1,4028.5,13.9,15.358
RGI60-11.02740,,,-0.59,0.92,0.88,1.38,0.0,3476.5,1.56,,1964.2,3501.5,5.7,6.02
RGI60-11.02746,B52-24,Schwarzberggletscher,-0.86,0.61,0.97,1.26,17.24,3261.04,4.71,-1.39,2655.6,3554.4,5.1,5.339
RGI60-11.02749,,,-0.99,0.87,0.81,1.4,20.86,3224.64,5.01,1.74,2684.2,3636.5,3.3,3.821
RGI60-11.02755,,,-0.53,1.08,1.19,1.89,39.65,3492.38,2.09,0.72,2205.5,3782.8,2.7,2.873
RGI60-11.02764,B56-14,Adlergletscher,-0.59,0.69,1.1,1.61,16.18,3714.05,2.52,0.86,2962.7,4119.7,2.0,2.138
RGI60-11.02766,B83-03,Glacier de Corbassière,-0.82,0.86,0.89,1.51,20.33,3492.43,3.05,1.05,2211.5,4293.9,15.7,16.697
RGI60-11.02773,B56-03,Findelgletscher,-0.63,0.91,0.81,1.27,52.87,3299.54,9.52,2.02,2494.3,3787.5,13.4,14.312
RGI60-11.02774,B82-14,Glacier du Giétro,-0.84,0.97,0.68,1.34,7.41,3391.56,4.41,0.72,2545.2,3804.0,5.0,5.421
RGI60-11.02787,,,-0.83,1.04,0.66,1.39,22.0,3251.35,6.25,-0.36,2141.0,3654.9,5.2,5.67
RGI60-11.02793,,,-0.79,0.96,0.9,1.49,6.6,3244.91,3.36,0.16,1779.2,3857.2,6.3,6.967
RGI60-11.02796,,,-0.88,1.06,0.82,1.51,22.82,3558.68,3.79,14.04,2567.3,3802.9,6.4,7.235
RGI60-11.02801,B82-27,Glacier d'Otemma,-1.5,0.92,0.72,1.38,12.64,3319.47,5.34,0.24,2452.3,3769.6,10.4,11.614
RGI60-11.02810,,,-1.6,0.94,0.8,1.43,0.88,3431.03,3.78,-7.11,2556.7,3484.8,3.1,3.623
RGI60-11.02812,,,-0.34,0.67,0.99,1.55,,,,,3286.7,3790.7,0.1,3.329
RGI60-11.02819,,,-1.14,0.79,0.71,1.1,0.13,3455.22,3.09,-0.48,2679.0,3529.9,5.8,6.706
RGI60-11.02822,,,-0.79,0.72,1.11,1.49,53.31,3310.24,5.0,0.51,2167.0,4585.5,51.1,56.464
RGI60-11.02858,,Belvedere,0.17,0.67,1.23,1.33,,,,,4339.9,4540.9,0.1,4.446
RGI60-11.02866,,,-1.23,0.65,0.66,0.98,5.8,,,,2560.2,3311.2,1.7,2.16
RGI60-11.02884,,,-1.27,0.56,2.27,2.45,24.77,2897.6,10.64,5.5,2059.6,3768.3,1.6,2.213
RGI60-11.02890,,,-1.1,0.61,1.02,1.33,6.53,3628.82,2.37,-4.52,2352.6,4184.5,6.0,6.904
RGI60-11.02902,,,-0.15,0.58,1.22,1.44,,,,,3726.4,4206.5,0.3,6.785
RGI60-11.02918,,,0.61,0.64,0.79,1.09,,,,,3524.3,3891.5,0.1,3.57
RGI60-11.02922,,,0.09,0.77,2.51,2.82,,,,,4053.5,4496.9,0.1,10.404
RGI60-11.02934,,,-0.09,0.88,2.97,3.22,,,,,4102.1,4197.3,0.0,2.044
RGI60-11.03698,,FR4N01234A01 du Tour,-0.67,1.03,1.08,1.48,,,,,3269.7,3644.2,0.1,8.124
